<?xml version="1.0" encoding="utf-8"?>
<extension
	type="module"
	version="3.0"
	client="site"
	method="upgrade">
	<name>Boxsearch Module</name>
	<author>Cohesive Websites</author>
	<creationDate>Feb 28 2013</creationDate>
	<copyright>Copyright (C) 2013 Servant Holdings LLC</copyright>
	<license>GNU General Public License version 2 or later; see LICENSE.txt</license>
	<authorEmail>chad@cohesivewebsites.com</authorEmail>
	<authorUrl>www.cohesivewebsites.com</authorUrl>
	<version>1.0</version>
	<description>MOD_FOOTER_XML_DESCRIPTION</description>
	<files>
		<filename module="mod_boxsearch">mod_boxsearch</filename>
		<folder>tmpl</folder>
		<filename>index.html</filename>
          <filename>mod_boxsearch.xml</filename>
	</files>
	<config>
		<fields name="params">
			<fieldset name="advanced">
				<field
					name="moduleclass_sfx"
					type="text"
					label="COM_MODULES_FIELD_MODULECLASS_SFX_LABEL"
					description="COM_MODULES_FIELD_MODULECLASS_SFX_DESC" />
				<field
					name="cache"
					type="list"
					default="1"
					label="COM_MODULES_FIELD_CACHING_LABEL"
					description="COM_MODULES_FIELD_CACHING_DESC">
					<option
						value="1">JGLOBAL_USE_GLOBAL</option>
					<option
						value="0">COM_MODULES_FIELD_VALUE_NOCACHING</option>
				</field>
				<field
					name="cache_time"
					type="text"
					default="900"
					label="COM_MODULES_FIELD_CACHE_TIME_LABEL"
					description="COM_MODULES_FIELD_CACHE_TIME_DESC" />
				<field
					name="cachemode"
					type="hidden"
					default="static">
					<option
						value="static"></option>
				</field>
			</fieldset>
		</fields>
	</config>
</extension>
